date,open,high,low,close,volume,trend
1/4/2021,30223.89063,30674.2793,29881.82031,30627.4707,475080000,
1/5/2021,30391.59961,30504.89063,30141.7793,30204.25,350910000,down
1/6/2021,30829.40039,31022.65039,30313.07031,30362.7793,500430000,up
1/7/2021,31041.13086,31193.40039,30897.85938,30901.17969,427810000,up
1/8/2021,31097.9707,31140.66992,30793.26953,31069.58008,381150000,up
1/11/2021,31008.68945,31096.98047,30832.06055,31015.36914,356540000,down
1/12/2021,31068.68945,31114.56055,30888.75977,31015.00977,362620000,down
1/13/2021,31060.4707,31153.36914,30992.05078,31084.88086,413250000,up
1/14/2021,30991.51953,31223.7793,30982.24023,31085.66992,427810000,up
1/15/2021,30814.25977,30941.98047,30612.66992,30926.76953,433000000,down
1/19/2021,30930.51953,31086.61914,30865.0293,30887.41992,386400000,down
1/20/2021,31188.38086,31235.98047,30997.78906,31017.53906,384980000,up
1/21/2021,31176.00977,31272.2207,31120.91992,31198.00977,418780000,up
1/22/2021,30996.98047,31141.56055,30908.4707,31141.56055,436040000,down
1/25/2021,30960,30989.84961,30564.06055,30989.84961,472890000,down
1/26/2021,30937.03906,31121.41992,30921.71094,30968.55078,373150000,down
1/27/2021,30303.16992,30893.7793,30206.91016,30893.7793,566470000,down
1/28/2021,30603.35938,30951.41016,30377.18945,30377.18945,465140000,down
1/29/2021,29982.61914,30553.91016,29856.30078,30553.91016,536320000,up
2/1/2021,30211.91016,30335.91016,30014.9707,30054.73047,347060000,down
2/2/2021,30687.48047,30840.53906,30276.88086,30276.88086,333160000,up
2/3/2021,30723.59961,30793.41016,30521.31055,30689.65039,305590000,up
2/4/2021,31055.85938,31065.96094,30737.7793,30737.7793,338330000,up
2/5/2021,31148.24023,31252.17969,31083.2207,31093.81055,293550000,up
2/8/2021,31385.75977,31386.09961,31191.19922,31191.19922,322250000,up
2/9/2021,31375.83008,31439.4707,31245.85938,31359.88086,308210000,up
2/10/2021,31437.80078,31511.43945,31221.32031,31428.01953,326450000,up
2/11/2021,31430.69922,31543.82031,31244.35938,31466.49023,280320000,up
2/12/2021,31458.40039,31475.31055,31347.80078,31420.80078,263090000,down
2/16/2021,31522.75,31608.63086,31443.48047,31472.08008,329210000,up
2/17/2021,31613.01953,31643.69922,31338.75977,31485.60938,343510000,up
2/18/2021,31493.33984,31558.59961,31285.32031,31558.59961,325990000,up
2/19/2021,31494.32031,31647.5293,31469.33984,31504.13086,353070000,down
2/22/2021,31521.68945,31653.48047,31286.57031,31381.11914,387210000,down
2/23/2021,31537.34961,31653.38086,31158.75977,31501.89063,460410000,up
2/24/2021,31961.85938,32009.64063,31421.28906,31499.75,410150000,down
2/25/2021,31402.00977,31984.76953,31293.32031,31955.93945,454110000,up
2/26/2021,30932.36914,31450.89063,30911.36914,31401.28906,532250000,down
3/1/2021,31535.50977,31668.33984,31065.90039,31065.90039,385670000,down
3/2/2021,31391.51953,31623.26953,31377.16016,31535.36914,337270000,up
3/3/2021,31270.08984,31563.31055,31260.14063,31352.96094,409660000,down
3/4/2021,30924.14063,31461.9707,30547.5293,31289.00977,537850000,down
3/5/2021,31496.30078,31580.33008,30766.81055,31029.17969,501810000,down
3/8/2021,31802.43945,32148.03906,31512.15039,31512.15039,496980000,up
3/9/2021,31832.74023,32150.32031,31822.64063,31892.34961,458690000,up
3/10/2021,32297.01953,32389.5,31906.96094,31906.96094,409110000,up
3/11/2021,32485.58984,32661.58984,32345.69922,32354.5,400020000,up
3/12/2021,32778.64063,32793.32031,32462.40039,32462.40039,346400000,up
3/15/2021,32953.46094,32973.39844,32629.75,32798.83984,360080000,up
3/16/2021,32825.94922,32966.75,32778.23047,32966.75,386370000,up
3/17/2021,33015.37109,33047.57813,32782.17969,32825.51953,391200000,down
3/18/2021,32862.30078,33227.78125,32831.25,32928.16016,418480000,up
3/19/2021,32627.9707,32858.35938,32505.07031,32858.35938,811890000,down
3/22/2021,32731.19922,32810.35156,32512.5293,32601.82031,383500000,down
3/23/2021,32423.15039,32753.76953,32356.2793,32691.5,385840000,up
3/24/2021,32420.06055,32787.98828,32418.15039,32470.88086,399390000,down
3/25/2021,32619.48047,32672.68945,32071.41016,32346.81055,411990000,down
3/26/2021,33072.87891,33098.82813,32681.07031,32681.07031,382170000,up
3/29/2021,33171.37109,33259,32905.12891,33087.55078,351610000,up
3/30/2021,33066.96094,33170.92969,32988.92188,33127.87891,307510000,up
3/31/2021,32981.55078,33173.76953,32980.57031,33116.03906,414140000,down
4/1/2021,33153.21094,33167.17188,32985.35156,33054.57813,311880000,down
4/5/2021,33527.19141,33617.94922,33222.37891,33222.37891,344270000,up
4/6/2021,33430.23828,33544.78906,33380.42969,33500.01953,297940000,up
4/7/2021,33446.26172,33521.76172,33347.96094,33444.98047,273440000,down
4/8/2021,33503.57031,33506.80078,33342.64063,33469.89063,304040000,up
4/9/2021,33800.60156,33810.87109,33526.19141,33526.19141,316410000,up
4/12/2021,33745.39844,33786.19141,33665.53906,33775.05859,327370000,up
4/13/2021,33677.26953,33741.64063,33545.83984,33721.16016,324480000,down
4/14/2021,33730.89063,33911.25,33668.94922,33668.94922,315330000,down
4/15/2021,34035.98828,34068.73047,33788.53125,33788.53125,319680000,up
4/16/2021,34200.67188,34256.75,34058.16016,34058.16016,343760000,up
4/19/2021,34077.62891,34182.37891,33980.55859,34182.37891,312540000,up
4/20/2021,33821.30078,34034.17969,33687.01172,34034.17969,350960000,down
4/21/2021,34137.30859,34160.33984,33773.80078,33808.30078,290300000,down
4/22/2021,33815.89844,34126.57031,33717.19141,34109.87891,344470000,up
4/23/2021,34043.48828,34157.57031,33713.28906,33804.51953,346380000,down
4/26/2021,33981.57031,34148.94141,33941.37109,34044.23047,279300000,up
4/27/2021,33984.92969,34043.98047,33870.46094,33932.12891,289030000,down
4/28/2021,33820.37891,33946.60156,33805.55859,33860.46094,335820000,down
4/29/2021,34060.35938,34087.21094,33744.28125,33855.64063,408450000,down
4/30/2021,33874.85156,33988.75,33784.96094,33988.75,374890000,up
5/3/2021,34113.23047,34221.05859,33904.89063,33904.89063,289770000,down
5/4/2021,34133.03125,34147.78125,33765.67969,34080.19922,407860000,up
5/5/2021,34230.33984,34331.19922,34039.66016,34163.98828,253180000,up
5/6/2021,34548.53125,34561.28906,34185.05859,34245.10938,315430000,up
5/7/2021,34777.76172,34811.39063,34464.30859,34578.26953,303400000,up
5/10/2021,34742.82031,35091.55859,34741.57031,34785.26953,361620000,up
5/11/2021,34269.16016,34572.73828,34075.30859,34572.73828,413180000,down
5/12/2021,33587.66016,34207.87109,33555.21875,34206.39844,381350000,down
5/13/2021,34021.44922,34181.76953,33623.48828,33624.73828,350820000,down
5/14/2021,34382.12891,34454.05078,34050.85938,34050.85938,303230000,up
5/17/2021,34327.78906,34383.83984,34176.64844,34375.28906,291910000,up
5/18/2021,34060.66016,34408.98828,34044.10156,34351.17969,289590000,down
5/19/2021,33896.03906,33945.80859,33473.80078,33945.80859,348480000,down
5/20/2021,34084.14844,34233.39844,33872.41016,33906.30078,320150000,down
5/21/2021,34207.83984,34415.48047,34121.91016,34121.91016,306360000,up
5/24/2021,34393.98047,34472.51172,34253.87109,34253.87109,251010000,up
5/25/2021,34312.46094,34511.35156,34266.03125,34428.66016,285760000,up
5/26/2021,34323.05078,34409.58984,34271.44141,34336.33984,258780000,down
5/27/2021,34464.64063,34608.82031,34389.23828,34432.46875,520630000,up
5/28/2021,34529.44922,34631.10938,34520.08984,34558.5,290850000,up
6/1/2021,34575.30859,34849.32031,34542.87109,34584.19141,287700000,up
6/2/2021,34600.37891,34706.64844,34545.96094,34614.62109,263810000,up
6/3/2021,34577.03906,34667.41016,34334.41016,34550.30859,297380000,down
6/4/2021,34756.39063,34772.12109,34618.69141,34618.69141,270050000,up
6/7/2021,34630.23828,34820.91016,34574.51172,34766.19922,259120000,up
6/8/2021,34599.82031,34665.37891,34452.94141,34645.83984,289440000,down
6/9/2021,34447.14063,34654.67188,34439.37109,34626.16016,245100000,down
6/10/2021,34466.23828,34737.78906,34447.25,34502.51172,309310000,down
6/11/2021,34479.60156,34618.08984,34328.64844,34499.80859,260840000,down
6/14/2021,34393.75,34472.51953,34211.53906,34472.51953,295530000,down
6/15/2021,34299.32813,34420.37891,34199.16016,34397.10156,272430000,down
6/16/2021,34033.67188,34333.25,33917.10938,34308.48047,347150000,down
6/17/2021,33823.44922,34091.78906,33626.60938,34014.37891,354690000,down
6/18/2021,33290.07813,33622.69922,33271.92969,33622.69922,563920000,down
6/21/2021,33876.96875,33908.08984,33312.07031,33312.07031,317260000,down
6/22/2021,33945.57813,34040.69922,33751.05859,33872.55859,284130000,up
6/23/2021,33874.23828,34009.39844,33869.82813,33948.53906,255280000,up
6/24/2021,34196.82031,34233.01953,33933.91016,33933.91016,275870000,down
6/25/2021,34433.83984,34501.01953,34314.80078,34328.10156,432550000,up
6/28/2021,34283.26953,34449.64844,34186.12891,34428.10156,280280000,up
6/29/2021,34292.28906,34469.82813,34266.82813,34338.89063,282360000,down
6/30/2021,34502.51172,34553.16016,34245.48047,34290.73828,295560000,down
7/1/2021,34633.53125,34640.28125,34498.85156,34507.32031,268280000,up
7/2/2021,34786.35156,34821.92969,34613.48828,34642.42188,301860000,up
7/6/2021,34577.37109,34814.19922,34358.42188,34790.16016,348430000,up
7/7/2021,34681.78906,34708.78125,34435.58984,34604.17188,302700000,down
7/8/2021,34421.92969,34569.01172,34145.58984,34569.01172,335690000,down
7/9/2021,34870.16016,34893.71875,34457.51172,34457.51172,301750000,down
7/12/2021,34996.17969,35014.89844,34730.14844,34836.75,294800000,up
7/13/2021,34888.78906,35018.78906,34876.89063,34959.96094,322430000,up
7/14/2021,34933.23047,35069.17969,34826.87109,34920.82813,344340000,down
7/15/2021,34987.01953,34990.41016,34762.87109,34924.80859,320450000,up
7/16/2021,34687.85156,35090.01172,34647.82031,35007.94141,322980000,up
7/19/2021,33962.03906,34528.48047,33741.76172,34528.48047,440440000,down
7/20/2021,34511.98828,34621.78906,33981.78906,33981.78906,387020000,down
7/21/2021,34798,34820.23828,34556.96094,34556.96094,317090000,up
7/22/2021,34823.35156,34879.28125,34673.03125,34799.67969,291610000,up
7/23/2021,35061.55078,35095.32813,34855.10938,34855.10938,314040000,up
7/26/2021,35144.30859,35150.37109,34950.19141,35055.85938,259790000,up
7/27/2021,35058.51953,35078.89844,34878.07031,35078.89844,326610000,up
7/28/2021,34930.92969,35116.37109,34876.83984,35109.94922,347170000,up
7/29/2021,35084.53125,35171.51953,34985.98828,34985.98828,222680000,down
7/30/2021,34935.46875,35106.30078,34871.12891,35013.26172,276410000,up
8/2/2021,34838.16016,35192.10938,34808.19922,34968.55859,238620000,down
8/3/2021,35116.39844,35120.94141,34714.32813,34864.10156,259820000,down
8/4/2021,34792.67188,35047.44141,34790.62109,35047.44141,245300000,up
8/5/2021,35064.25,35067.53906,34815.60938,34815.60938,216580000,down
8/6/2021,35208.51172,35246.78906,35077.44141,35077.44141,231570000,up
8/9/2021,35101.85156,35229.67188,35041.23828,35229.67188,207850000,up
8/10/2021,35264.67188,35285.16016,35091.91016,35135.17188,255040000,down
8/11/2021,35484.96875,35501.16016,35300.89063,35300.89063,232800000,up
8/12/2021,35499.85156,35510.76953,35352.53125,35481.94141,231600000,up
8/13/2021,35515.37891,35610.57031,35474.78125,35551.55859,236790000,up
8/16/2021,35625.39844,35631.19141,35231.87109,35490.82813,292590000,down
8/17/2021,35343.28125,35500.01172,35120.30859,35500.01172,309410000,up
8/18/2021,34960.69141,35356.80078,34943.41016,35310.19922,289800000,down
8/19/2021,34894.12109,34997.80859,34690.25,34874.67188,333550000,down
8/20/2021,35120.07813,35177.26172,34867.07031,34917.96094,269320000,up
8/23/2021,35335.71094,35428.91016,35160.96875,35160.96875,245760000,up
8/24/2021,35366.26172,35445.46875,35356.17969,35382.71875,228710000,up
8/25/2021,35405.5,35501.14063,35287.62891,35388.76953,237230000,up
8/26/2021,35213.12109,35498.44922,35205.10156,35449.67969,239740000,up
8/27/2021,35455.80078,35479.17969,35231.10938,35231.10938,240990000,down
8/30/2021,35399.83984,35510.71094,35374.46094,35471.80078,245390000,up
8/31/2021,35360.73047,35449.78906,35289.85938,35391.37891,337240000,down
9/1/2021,35312.53125,35407.37109,35287.05078,35387.55078,265520000,down
9/2/2021,35443.82031,35475.39844,35348.48047,35353.05859,263370000,down
9/3/2021,35369.08984,35422.71094,35269.39844,35401.73047,221370000,up
9/7/2021,35100,35373.23828,35060.89844,35373.23828,289830000,down
9/8/2021,35031.07031,35175.14844,34925.60938,35087.44922,261880000,down
9/9/2021,34879.37891,35199.89063,34847.30078,35013.07813,261330000,down
9/10/2021,34607.71875,35104.25,34599.60938,34949.58984,333230000,down
9/13/2021,34869.62891,34939.10156,34665.5,34665.5,334190000,down
9/14/2021,34577.57031,34990.35938,34510.30078,34906.89844,325140000,up
9/15/2021,34814.39063,34880.76953,34522.03125,34580.94922,317490000,down
9/16/2021,34751.32031,34943.55078,34540.10938,34810.26953,278270000,up
9/17/2021,34584.87891,34779.85938,34519.62891,34737.85938,560630000,down
9/20/2021,33970.46875,34459.71875,33613.03125,34459.71875,435780000,down
9/21/2021,33919.83984,34313.87891,33914.01953,34025.60938,306970000,down
9/22/2021,34258.32031,34440.42188,34006.87109,34006.87109,296590000,down
9/23/2021,34764.82031,34879.78125,34296.30078,34296.30078,283890000,up
9/24/2021,34798,34857.05859,34648.07813,34762.30859,254310000,up
9/27/2021,34869.37109,35061.12109,34739.26953,34739.26953,289480000,down
9/28/2021,34299.98828,34798.21094,34254.64844,34747.69922,379020000,up
9/29/2021,34390.71875,34580.42188,34305.96094,34360.07813,290350000,down
9/30/2021,33843.92188,34557.37109,33833.32031,34467.98047,354830000,up
10/1/2021,34326.46094,34490.55859,33785.53906,33930.69922,427580000,down
10/4/2021,34002.92188,34410.28125,33821.57813,34312.96094,396860000,up
10/5/2021,34314.67188,34490.94922,34035.25,34035.25,311520000,down
10/6/2021,34416.98828,34432.67969,33854.69141,34198.96094,322170000,up
10/7/2021,34754.94141,34975.19141,34509.71875,34509.71875,273290000,up
10/8/2021,34746.25,34842.62109,34661.94922,34757.57031,238080000,up
10/11/2021,34496.05859,34951.35156,34486.51172,34723.78906,256820000,down
10/12/2021,34378.33984,34611.23828,34318.94141,34507.14844,319010000,down
10/13/2021,34377.80859,34449.82813,34115.10156,34372.71094,316220000,down
10/14/2021,34912.55859,34923.82813,34443.21875,34443.21875,338540000,up
10/15/2021,35294.76172,35320.96875,35023.62891,35023.62891,327870000,up
10/18/2021,35258.60938,35327.57031,35035.94141,35221.01953,312640000,up
10/19/2021,35457.30859,35462.67969,35290.12109,35325.37109,278510000,up
10/20/2021,35609.33984,35669.69141,35465.71094,35475.16016,265750000,up
10/21/2021,35603.07813,35612.35938,35442.53125,35520.32031,298390000,up
10/22/2021,35677.01953,35765.01953,35533.94922,35607.71875,346290000,up
10/25/2021,35741.14844,35787.03906,35629.37109,35692.62109,267220000,up
10/26/2021,35756.87891,35892.92188,35734.73047,35791.05078,321910000,up
10/27/2021,35490.69141,35835.42969,35490.42969,35835.42969,354180000,up
10/28/2021,35730.48047,35742.25,35545.41016,35545.41016,337400000,down
10/29/2021,35819.55859,35852.53125,35633.19922,35712.28125,399400000,up
11/1/2021,35913.83984,36009.73828,35797.96875,35833.64844,292880000,up
11/2/2021,36052.62891,36088.80859,35884.12891,35935.10938,304510000,up
11/3/2021,36157.57813,36178.51172,35891.73047,36059.08984,262540000,up
11/4/2021,36124.23047,36168.03125,35986.48047,36107.46094,307640000,up
11/5/2021,36327.94922,36484.75,36190.19922,36268.75,344600000,up
11/8/2021,36432.21875,36565.73047,36334.42188,36416.46094,284400000,up
11/9/2021,36319.98047,36416.98047,36173.07031,36404.53125,258020000,down
11/10/2021,36079.94141,36346.60938,36009.5,36299.25,278390000,down
11/11/2021,35921.23047,36108.17188,35915.26953,36038.78125,270320000,down
11/12/2021,36100.30859,36147.62891,35934.58984,35963.78125,293180000,down
11/15/2021,36087.44922,36236.07031,36031.78125,36128.82813,280660000,up
11/16/2021,36142.21875,36316.60938,36076.17969,36076.17969,308290000,down
11/17/2021,35931.05078,36159.69922,35909.48047,36159.69922,358310000,up
11/18/2021,35870.94922,35952.62891,35654.39063,35901.69141,435080000,down
11/19/2021,35601.98047,35879.08984,35555.37109,35879.08984,408840000,down
11/22/2021,35619.25,35929.66016,35615.55078,35631.41016,420810000,down
11/23/2021,35813.80078,35841.51953,35542.87109,35619.92188,392520000,down
11/24/2021,35804.37891,35825.46875,35591.03125,35752.30859,280960000,up
11/26/2021,34899.33984,35366.69141,34749.80078,35366.69141,324580000,down
11/29/2021,35135.94141,35287.91016,34895.89063,35017.71094,416040000,down
11/30/2021,34483.71875,35056.98828,34424.44141,35056.98828,678800000,up
12/1/2021,34022.03906,35004.64063,34006.98047,34678.94141,496000000,down
12/2/2021,34639.78906,34759.64844,34076.25,34076.25,466900000,down
12/3/2021,34580.07813,34801.30859,34264.57031,34692.78125,439550000,up
12/6/2021,35227.03125,35356.75,34633.42969,34633.42969,416720000,down
12/7/2021,35719.42969,35819.46875,35423.98828,35423.98828,474940000,up
12/8/2021,35754.75,35840.51953,35602.64844,35716.85156,387650000,up
12/9/2021,35754.69141,35864.23828,35577.14063,35722.26172,353020000,up
12/10/2021,35970.98828,35982.69141,35710.42969,35830.55078,361200000,up
12/13/2021,35650.94922,35958.92969,35609.53125,35958.92969,441110000,up
12/14/2021,35544.17969,35779.46875,35441.73828,35605.73047,440900000,down
12/15/2021,35927.42969,35943.83984,35389.30078,35549.35156,424720000,down
12/16/2021,35897.64063,36189.82813,35778.21094,36036.28125,473620000,up
12/17/2021,35365.44141,35800.10938,35284.26172,35800.10938,750480000,down
12/20/2021,34932.16016,35222.12109,34665.5,35222.12109,386590000,down
12/21/2021,35492.69922,35508.96094,35069.5,35069.5,346080000,down
12/22/2021,35753.89063,35764.67188,35433.12891,35491.71094,281930000,up
12/23/2021,35950.55859,36060.98828,35782.42188,35782.42188,247420000,up
12/27/2021,36302.37891,36306.60938,35954.48047,35954.48047,244350000,up
12/28/2021,36398.21094,36527.26172,36302.98828,36302.98828,239090000,up
12/29/2021,36488.62891,36571.55078,36396.19141,36421.14063,213480000,up
12/30/2021,36398.07813,36679.44141,36372.12891,36522.48047,205620000,up
12/31/2021,36338.30078,36484.94141,36303.96875,36385.85156,213200000,down
1/3/2022,36585.05859,36595.82031,36246.44922,36321.58984,347930000,down
1/4/2022,36799.64844,36934.83984,36636,36636,435080000,up
1/5/2022,36407.10938,36952.64844,36400.39063,36722.60156,462040000,up
1/6/2022,36236.46875,36464.19141,36200.67969,36409.05078,385890000,down
1/7/2022,36231.66016,36382.83984,36111.53125,36249.58984,356110000,down
1/10/2022,36068.87109,36175.21094,35639.91016,36175.21094,430680000,down
1/11/2022,36252.01953,36271.46875,35769.37891,36058.85156,356850000,down
1/12/2022,36290.32031,36453.48828,36168.14844,36336.16016,310180000,up
1/13/2022,36113.62109,36513.87891,36044.21875,36312.48828,343640000,down
1/14/2022,35911.80859,35996.42969,35641.48828,35996.42969,389200000,down
1/18/2022,35368.46875,35661.76172,35262.01953,35661.76172,427260000,down
1/19/2022,35028.64844,35547.82813,35015.48828,35412.30078,393080000,down
1/20/2022,34715.39063,35490.19922,34670.12109,35102.66016,369070000,down
1/21/2022,34265.37109,34896.67188,34229.55078,34701.69141,523880000,down
1/24/2022,34364.5,34420.98828,33150.32813,34070.60938,664010000,down
1/25/2022,34297.73047,34591.03906,33545.51953,34186.64063,506430000,up
1/26/2022,34168.08984,34815.67188,33876.48047,34520.82031,546330000,up
1/27/2022,34160.78125,34773.32031,34007.78125,34261.75,527780000,down
1/28/2022,34725.46875,34731.76953,33807.51172,34135.23828,568440000,down
1/31/2022,35131.85938,35148.14063,34496.10156,34691.17188,468070000,up
2/1/2022,35405.23828,35441.08984,34977.94922,35151.46875,386080000,up
2/2/2022,35629.32813,35679.19922,35290.12109,35378.19141,359540000,up
2/3/2022,35111.16016,35535.94141,35071.05859,35520.07813,381020000,up
2/4/2022,35089.73828,35333.55078,34799.07813,35095.73828,349880000,down
2/7/2022,35091.12891,35325.01172,34993.98047,35108.37891,328910000,up
2/8/2022,35462.78125,35544.89063,35090.42188,35160.67969,319190000,up
2/9/2022,35768.05859,35824.28125,35614.89844,35614.89844,333610000,up
2/10/2022,35241.58984,35800.23828,35100.71875,35630.80859,411620000,up
2/11/2022,34738.05859,35431.14844,34620.51953,35267.89063,398860000,down
2/14/2022,34566.17188,34744.55859,34304.28125,34694.5,370320000,down
2/15/2022,34988.83984,35047.78906,34686.19141,34686.19141,305670000,down
2/16/2022,34934.26953,35042.08984,34642.64063,34951.82813,294410000,up
2/17/2022,34312.03125,34858.46875,34246.23047,34858.46875,348720000,down
2/18/2022,34079.17969,34423.57813,33976.17969,34310.44922,414080000,down
2/22/2022,33596.60938,34024.73828,33364.28906,33974.08984,432090000,down
2/23/2022,33131.76172,33832.58984,33084.89844,33680.96875,370600000,down
2/24/2022,33223.82813,33269.33984,32272.64063,32830.32813,590850000,down
2/25/2022,34058.75,34095.73828,33277.21875,33277.21875,417630000,up
2/28/2022,33892.60156,33963.62891,33469.30859,33870.62109,443460000,up
3/1/2022,33294.94922,33870.14063,33107.67188,33813.48047,438730000,down
3/2/2022,33891.35156,34013.67188,33379.51172,33379.51172,400920000,down
3/3/2022,33794.66016,34179.07031,33641.53125,33972.87109,369740000,up
3/4/2022,33614.80078,33655.42969,33254.12109,33655.42969,408390000,down
3/7/2022,32817.37891,33579.75,32806.14844,33579.75,488400000,down
3/8/2022,32632.64063,33402.98047,32578.73047,32885.17188,553750000,down
3/9/2022,33286.25,33457.28125,32860.42188,32860.42188,418670000,down
3/10/2022,33174.07031,33236.58984,32819.76172,33106.76953,399480000,up
3/11/2022,32944.19141,33515.60938,32911.89063,33279.71875,369480000,up
3/14/2022,32945.23828,33395.58984,32818.16016,33000.37109,394940000,down
3/15/2022,33544.33984,33620.83984,32989.26953,32989.26953,388810000,down
3/16/2022,34063.10156,34075.94141,33391.23828,33653.92969,427400000,up
3/17/2022,34480.76172,34483.92188,33896.05859,33995.39063,339470000,up
3/18/2022,34754.92969,34755.19922,34279.82813,34466.71875,615420000,up
3/21/2022,34552.98828,34808.28125,34341.80859,34669.85156,408490000,up
3/22/2022,34807.46094,34882.03125,34583.23828,34583.23828,368550000,down
3/23/2022,34358.5,34748.83984,34352.96094,34748.83984,347880000,up
3/24/2022,34707.94141,34713.55859,34355.42188,34406.80859,324870000,down
3/25/2022,34861.23828,34942.69922,34631.51953,34702.39063,285440000,up
3/28/2022,34955.89063,34957.92969,34552.23047,34833.03125,299790000,up
3/29/2022,35294.19141,35372.26172,35030.07031,35114.35156,355050000,up
3/30/2022,35228.80859,35361.35938,35058.57813,35273.62891,317320000,up
3/31/2022,34678.35156,35201.51953,34677.98828,35201.51953,433400000,down
4/1/2022,34818.26953,34847.91016,34538.25,34740.89063,340400000,down
4/4/2022,34921.87891,34940.78125,34615.37891,34799.98047,316570000,up
4/5/2022,34641.17969,35112.21094,34566.03906,34876.32813,304010000,up
4/6/2022,34496.51172,34609.83984,34277.17188,34520.33984,386250000,down
4/7/2022,34583.57031,34705.82813,34190.94922,34439.23828,319870000,down
4/8/2022,34721.12109,34908.46094,34470.19141,34569.23828,301750000,up
4/11/2022,34308.07813,34701.33984,34272.28906,34630.26953,333290000,up
4/12/2022,34220.35938,34669.96875,34102.80859,34412.51172,333510000,down
4/13/2022,34564.58984,34598.35938,34140.64063,34166.64063,313630000,down
4/14/2022,34451.23047,34889.17188,34437.5,34628.46094,353680000,up
4/18/2022,34411.69141,34618.28906,34279.07813,34411.48828,264110000,down
4/19/2022,34911.19922,34983.10938,34394.62109,34394.62109,296350000,down
4/20/2022,35160.78906,35315.39844,34962.67188,34962.67188,337620000,up
4/21/2022,34792.76172,35492.21875,34723.82031,35258.80078,366390000,up
4/22/2022,33811.39844,34727.37891,33773.39063,34727.37891,373280000,down
4/25/2022,34049.46094,34106.01172,33323.37109,33731.64844,416900000,down
4/26/2022,33240.17969,33909.51172,33230.94922,33907.48828,400020000,up
4/27/2022,33301.92969,33697.17969,33108.89063,33450.92188,447230000,down
4/28/2022,33916.39063,34054.78906,33248.46094,33425.96094,440380000,down
4/29/2022,32977.21094,33919.58984,32913.14844,33787.01172,501560000,up
5/2/2022,33061.5,33224.94922,32449.86914,32978.48828,453390000,down
5/3/2022,33128.78906,33341.57813,32914.75,33086.08984,364420000,up
5/4/2022,34061.05859,34117.73828,33021.83984,33171.80078,411060000,up
5/5/2022,32997.96875,33854.17188,32685.09961,33854.17188,448420000,up
5/6/2022,32899.37109,33055.83984,32474.68945,32773.87891,416520000,down
5/9/2022,32245.69922,32685.16992,32121.98047,32685.16992,470770000,down
5/10/2022,32160.74023,32752.16992,31887.89063,32504.08984,439290000,down
5/11/2022,31834.10938,32584.01953,31798.85938,32123.24023,458460000,down
5/12/2022,31730.30078,31914.46094,31228.2207,31699.03906,544240000,down
5/13/2022,32196.66016,32276.05078,31862.78906,31963.85938,388520000,up
5/16/2022,32223.41992,32514.01953,31928.17969,32152.15039,330030000,up
5/17/2022,32654.58984,32689.14063,32308.15039,32427,389310000,up
5/18/2022,31490.07031,32468.66992,31393.94922,32468.66992,465060000,up
5/19/2022,31253.13086,31569.13086,31016.41016,31262.61914,517190000,down
5/20/2022,31261.90039,31515.7793,30635.75977,31426.93945,495510000,up
5/23/2022,31880.24023,31968.41992,31395.89063,31395.89063,402010000,down
5/24/2022,31928.61914,32014.85938,31365.58984,31717.60938,382950000,up
5/25/2022,32120.2793,32254.43945,31754.33008,31816.31055,343460000,up
5/26/2022,32637.18945,32774.14063,32248.16992,32248.16992,351220000,up
5/27/2022,33212.96094,33213.62109,32682.00977,32735.08984,328770000,up
5/31/2022,32990.12109,33240.21875,32752.33984,33160.58984,533560000,up
6/1/2022,32813.23047,33272.33984,32584.75977,33156.30859,338210000,down
6/2/2022,33248.28125,33248.60938,32509.42969,32809.01172,333210000,down
6/3/2022,32899.69922,33135.60938,32839.21094,32986.32031,298570000,up
6/6/2022,32915.78125,33235.37109,32819.5,33032.03906,253010000,up
6/7/2022,33180.14063,33207.44922,32641.84961,32783.03125,270750000,down
6/8/2022,32910.89844,33156.5,32824.37109,33087.07031,270470000,up
6/9/2022,32272.78906,32956.73047,32267.7793,32828.62109,289710000,down
6/10/2022,31392.78906,32053.51953,31387.83984,32053.51953,362300000,down
6/13/2022,30516.74023,31144.91016,30373.7207,31144.91016,472290000,down
6/14/2022,30364.83008,30690.80078,30144.23047,30592.33984,366800000,down
6/15/2022,30668.5293,31011.9707,30185.08008,30570.5,392670000,down
6/16/2022,29927.07031,30305.74023,29740.34961,30305.74023,442910000,down
6/17/2022,29888.7793,30167.51953,29653.28906,29912.69922,692830000,down
6/21/2022,30530.25,30653.98047,30074.68945,30074.68945,376900000,up
6/22/2022,30483.13086,30777.91992,30166.00977,30352.57031,343490000,up
6/23/2022,30677.35938,30715.63086,30293.40039,30570.33008,361420000,up
6/24/2022,31500.67969,31517.28906,30846.93945,30846.93945,465480000,up
6/27/2022,31438.25977,31598.58984,31351.36914,31533.59961,309910000,up
6/28/2022,30946.99023,31885.08984,30934.33008,31549.05078,350780000,up
6/29/2022,31029.31055,31152.96094,30894.5293,31067.41016,269390000,down
6/30/2022,30775.42969,30979.84961,30431.86914,30790,394070000,down
7/1/2022,31097.25977,31139.34961,30487.78906,30737.76953,310440000,down
7/5/2022,30967.82031,30971.74023,30355.11914,30903.11914,323080000,up
7/6/2022,31037.67969,31224.68945,30794.83984,30957.30078,289800000,up
7/7/2022,31384.55078,31421.83984,31154.64063,31190.65039,296620000,up
7/8/2022,31338.15039,31511.46094,31212.44922,31348.42969,238120000,up
7/11/2022,31173.83984,31367.55078,31114.40039,31277.98047,245020000,down
7/12/2022,30981.33008,31346.09961,30860.50977,31113.31055,324190000,down
7/13/2022,30772.78906,30979.16992,30514.60938,30743.63086,291830000,down
7/14/2022,30630.16992,30680.11914,30143.92969,30451.80078,325130000,down
7/15/2022,31288.25977,31288.25977,30775.36914,30775.36914,321570000,up
7/18/2022,31072.60938,31644.67969,30982.9707,31475.98047,309960000,up
7/19/2022,31827.05078,31842.25,31165.91016,31165.91016,378720000,down
7/20/2022,31874.83984,31944.44922,31646.94922,31829.99023,313520000,up
7/21/2022,32036.90039,32040.63086,31534.08008,31826.49023,302320000,down
7/22/2022,31899.28906,32219.25,31731.4707,32167.91992,319880000,up
7/25/2022,31990.03906,32029.0293,31821.66992,31950.92969,255450000,down
7/26/2022,31761.53906,31950.03906,31705.35938,31950.03906,324930000,down
7/27/2022,32197.58984,32336.23047,31799.42969,31865.05078,365480000,down
7/28/2022,32529.63086,32609.53906,31982.60938,32197.61914,331110000,up
7/29/2022,32845.12891,32910.17969,32493.01953,32515.61914,487360000,up
8/1/2022,32798.39844,32972.03125,32640.78906,32755.71094,321180000,up
8/2/2022,32396.16992,32772.92969,32387.11914,32691.28906,316740000,down
8/3/2022,32812.5,32912.73828,32514.21094,32514.21094,342160000,down
8/4/2022,32726.82031,32829.21875,32652.63086,32805.69141,315590000,up
8/5/2022,32803.46875,32814.60938,32489.61914,32593.90039,273010000,down
8/8/2022,32832.53906,33109.96094,32769.10156,32877.35938,275350000,up
8/9/2022,32774.41016,32877.53125,32702.66016,32807.35938,281080000,down
8/10/2022,33309.51172,33364.41016,33130.62891,33130.62891,311740000,up
8/11/2022,33336.67188,33651.80078,33289.82813,33451.51172,308030000,up
8/12/2022,33761.05078,33767.08984,33398.32031,33430.71875,299140000,down
8/15/2022,33912.44141,33954.71094,33582.96094,33710.69922,262670000,up
8/16/2022,34152.01172,34281.35938,33852.57031,33924.35156,288670000,up
8/17/2022,33980.32031,34161.01172,33828.41016,34029.55078,281390000,up
8/18/2022,33999.03906,34043.82813,33844.46094,33981.85938,282550000,down
8/19/2022,33706.73828,33904.69141,33627.08984,33904.69141,293990000,down
8/22/2022,33063.60938,33586.58984,33007.62891,33586.58984,308900000,down
8/23/2022,32909.58984,33138.26172,32858.89063,33033.51953,251870000,down
8/24/2022,32969.23047,33095.5,32828.55859,32899.01172,256900000,down
8/25/2022,33291.78125,33306.08984,32889.85156,33029.26953,308530000,up
8/26/2022,32283.40039,33364.69922,32278.2207,33293.42969,352850000,up
8/29/2022,32098.99023,32325.16016,31972.78906,32188,317820000,down
8/30/2022,31790.86914,32205.66016,31647.2207,32163.83984,317150000,down
8/31/2022,31510.42969,31966.03906,31509.58984,31827.15039,392780000,down
9/1/2022,31656.41992,31677.50977,31219.75,31454.58008,339360000,down
9/2/2022,31318.43945,32026.90039,31182.08984,31848.5,306180000,up
9/6/2022,31145.30078,31463.89063,31048.46094,31343.78906,347320000,down
9/7/2022,31581.2793,31644.33984,31095.21094,31145.63086,345080000,down
9/8/2022,31774.51953,31783.36914,31321.5,31481.94922,344340000,up
9/9/2022,32151.71094,32227.74023,31876.2207,31876.2207,310980000,up
9/12/2022,32381.33984,32504.03906,32159.49023,32159.49023,339250000,up
9/13/2022,31104.9707,32006.5,31018.53906,32006.5,428930000,down
9/14/2022,31135.08984,31276.82031,30885.01953,31141.01953,348670000,down
9/15/2022,30961.82031,31277.68945,30882.08008,31124.67969,345500000,down
9/16/2022,30822.41992,30866.60938,30550.08008,30866.60938,627920000,down
9/19/2022,31019.67969,31026.89063,30559.36914,30722.85938,291200000,down
9/20/2022,30706.23047,30888.5293,30465.91016,30888.5293,317970000,up
9/21/2022,30183.7793,31020.78906,30181.99023,30819.39063,354960000,down
9/22/2022,30076.67969,30302.2793,29994.5293,30204.51953,335270000,down
9/23/2022,29590.41016,29955.65039,29250.4707,29955.65039,388200000,down
9/26/2022,29260.81055,29630.76953,29161.11914,29536.83984,369450000,down
9/27/2022,29134.99023,29659.11914,28958.2207,29419.88086,355460000,down
9/28/2022,29683.74023,29811.7793,29114.9707,29198.91992,436040000,down
9/29/2022,29225.60938,29513.73047,28997.33984,29513.73047,388820000,up
9/30/2022,28725.50977,29355.7793,28715.84961,29123.0293,464260000,down
10/3/2022,29490.89063,29647.78906,28855.25,28855.25,397830000,down
10/4/2022,30316.32031,30325.05078,29826.66992,29826.66992,375640000,up
10/5/2022,30273.86914,30454.46094,29886.43945,30078.35938,290610000,up
10/6/2022,29926.93945,30329.60938,29859.33984,30206.13086,306840000,up
10/7/2022,29296.78906,29685.26953,29142.66016,29685.26953,367950000,down
10/10/2022,29202.88086,29485.82031,29010.41016,29419.08984,315410000,down
10/11/2022,29239.18945,29608.41992,29074.23047,29085.19922,352920000,down
10/12/2022,29210.84961,29455.11914,29136.0293,29233.06055,304420000,up
10/13/2022,30038.7207,30168.53906,28660.93945,28755.83008,470260000,down
10/14/2022,29634.83008,30428.82031,29614.30078,30192.21094,379090000,up
10/17/2022,30185.82031,30311.94922,29997.61914,30059.58008,369820000,down
10/18/2022,30523.80078,30837.90039,30301.83008,30697.51953,387130000,up
10/19/2022,30423.81055,30662.10938,30226.90039,30439.03906,314030000,down
10/20/2022,30333.58984,30822.96094,30265.19922,30411.91992,333190000,down
10/21/2022,31082.56055,31119.26953,30206.2793,30291.17969,418190000,down
10/24/2022,31499.61914,31603.63086,31161.41016,31187.32031,345040000,up
10/25/2022,31836.74023,31876.15039,31423.5293,31463.65039,336930000,up
10/26/2022,31839.10938,32172.41992,31738.43945,31738.43945,430400000,up
10/27/2022,32033.2793,32388.41992,31993.21094,32062.14063,375720000,up
10/28/2022,32861.80078,32889.80859,32158.38086,32204.31055,495830000,up
10/31/2022,32732.94922,32883.85938,32586.92969,32754.26953,390890000,up
11/1/2022,32653.19922,32975.48047,32485.23047,32862.78906,323210000,up
11/2/2022,32147.75977,33071.92969,32139.76953,32576.2793,398430000,down
11/3/2022,32001.25,32185.71094,31727.05078,31985.05078,354440000,down
11/4/2022,32403.2207,32611.51953,31938.91992,32265.00977,422370000,up
11/7/2022,32827,32895.58984,32424.99023,32454.09961,336300000,up
11/8/2022,33160.82813,33355.39063,32831.46094,32934.55859,335340000,up
11/9/2022,32513.93945,33065.10938,32478.86914,33004.46875,355200000,up
11/10/2022,33715.37109,33727.73047,33167.82031,33263.91016,480130000,up
11/11/2022,33747.85938,33817.96094,33394.42969,33797.75,427790000,up
11/14/2022,33536.69922,33964.30078,33533.96094,33662.05078,354340000,down
11/15/2022,33592.92188,33987.05859,33320.19922,33755.94141,390610000,up
11/16/2022,33553.82813,33682.82813,33516.98828,33554.92969,301560000,down
11/17/2022,33546.32031,33616.01953,33239.75,33329.26953,319210000,down
11/18/2022,33745.69141,33827.94141,33540.64063,33606.58984,312950000,up
11/21/2022,33700.28125,33864.58984,33559.17969,33760.30078,352960000,up
11/22/2022,34098.10156,34115.69922,33810.05078,33810.05078,277070000,up
11/23/2022,34194.05859,34262.07031,34004.64063,34091.57031,236820000,up
11/25/2022,34347.03125,34386.51172,34199.57031,34213.03906,131660000,up
11/28/2022,33849.46094,34303.87891,33799.35156,34275.91016,300330000,up
11/29/2022,33852.53125,33933.91016,33662.44922,33847.80078,279750000,down
11/30/2022,34589.76953,34589.76953,33583.76953,33795.42969,524440000,down
12/1/2022,34395.01172,34595.51172,34129.35156,34533.58984,348720000,up
12/2/2022,34429.87891,34483.21094,34039.73047,34265.44922,290580000,down
12/5/2022,33947.10156,34335.73047,33846.80859,34335.73047,312960000,up
12/6/2022,33596.33984,34006.62891,33418.58984,33936.87109,306220000,down
12/7/2022,33597.92188,33774.26953,33503.67188,33556.39844,359980000,down
12/8/2022,33781.48047,33899.17188,33642.46094,33695.96875,271830000,up
12/9/2022,33476.46094,33844.62891,33462.64844,33746.71094,287630000,up
12/12/2022,34005.03906,34005.03906,33519.5,33519.5,313440000,down
12/13/2022,34108.64063,34712.28125,33890.87891,34268.44141,442650000,up
12/14/2022,33966.35156,34395.64844,33704.17188,34086.07031,339090000,down
12/15/2022,33202.21875,33773,33016.16016,33773,394290000,down
12/16/2022,32920.46094,33166.46094,32654.58984,33166.46094,756310000,down
12/19/2022,32757.53906,33038.94141,32581.9707,32921.44922,326430000,down
12/20/2022,32849.73828,32992.23047,32649.44922,32735.24023,303970000,down
12/21/2022,33376.48047,33437.83984,33028.08984,33028.08984,328020000,up
12/22/2022,33027.48828,33233.35156,32573.42969,33233.35156,340640000,up
12/23/2022,33203.92969,33226.14063,32814.01953,32961.05859,221050000,down
12/27/2022,33241.55859,33387.71875,33069.57813,33224.23047,246010000,up
12/28/2022,32875.71094,33379.55078,32869.14844,33264.76172,252260000,up
12/29/2022,33220.80078,33293.42188,33020.35156,33021.42969,243060000,down
12/30/2022,33147.25,33152.55078,32847.82031,33121.60938,295500000,up
1/3/2023,33136.37109,33387.51953,32850.57031,33148.89844,355930000,up
1/4/2023,33269.76953,33409.10156,33033.48047,33165.14063,379400000,up
1/5/2023,32930.07813,33191.71875,32812.32813,33191.71875,337920000,up
1/6/2023,33630.60938,33710.66016,32997.39063,33055.30078,360740000,down
1/9/2023,33517.64844,33935.10938,33487.66016,33664.39063,327840000,up
1/10/2023,33704.10156,33726.53906,33421.80078,33516.42969,268260000,down
1/11/2023,33973.01172,33974.69141,33711.03906,33754.03125,301650000,up
1/12/2023,34189.96875,34292.67188,33792.10156,34047.85938,308190000,up
1/13/2023,34302.60938,34342.32031,33915.48828,34075.30859,274110000,up
1/17/2023,33910.85156,34269.96875,33860.67188,34222.32031,353050000,up
1/18/2023,33296.96094,34016.53125,33269.89844,33948.48828,351670000,down
1/19/2023,33044.55859,33227.48828,32982.05078,33171.35156,319770000,down
1/20/2023,33375.48828,33381.94922,32948.92969,33073.46094,367330000,down
1/23/2023,33629.55859,33782.87891,33316.25,33439.55859,355220000,up
1/24/2023,33733.96094,33782.92188,33310.55859,33444.71875,299310000,up
1/25/2023,33743.83984,33773.08984,33273.21094,33538.35938,341720000,up
1/26/2023,33949.41016,33953.78906,33635.60156,33771.66016,327000000,up
1/27/2023,33978.07813,34164.32813,33830.85156,33952.92969,441260000,up
1/30/2023,33717.08984,34055.28906,33695.17969,33909.21094,343920000,down
1/31/2023,34086.03906,34095.23047,33664.91016,33803.55859,360240000,down
2/1/2023,34092.96094,34334.69922,33581.42188,34039.60156,370120000,up
2/2/2023,34053.94141,34145.14063,33814.78125,34129.30078,429910000,up
2/3/2023,33926.01172,34179.57813,33813.85938,33926.30078,425150000,down
2/6/2023,33891.01953,33962.83984,33683.57813,33874.44141,296400000,down
2/7/2023,34156.69141,34240,33634.10156,33769.78125,361620000,down
2/8/2023,33949.01172,34161.64844,33899.78906,34132.89844,324090000,up
2/9/2023,33699.87891,34252.57031,33607.12891,34105.60938,347520000,down
2/10/2023,33869.26953,33897.30859,33591.98828,33671.53906,288150000,down
2/13/2023,34245.92969,34249.60156,33887.39063,33887.39063,302600000,up
2/14/2023,34089.26953,34331.46875,33827.44922,34194.08984,288820000,up
2/15/2023,34128.05078,34130.48828,33833.10156,34008.62891,267530000,down
2/16/2023,33696.85156,34041.16016,33686.58984,33992.08984,317530000,down
2/17/2023,33826.69141,33846.64063,33517.73047,33677.01172,302900000,down
2/21/2023,33129.58984,33699.69141,33115.73828,33699.69141,348320000,up
2/22/2023,33045.08984,33245.96875,32948.26953,33169.32813,321910000,down
2/23/2023,33153.91016,33272.39844,32795.67188,33175.39063,288120000,up
2/24/2023,32816.92188,32999.19141,32643.48047,32999.19141,277120000,down
2/27/2023,32889.08984,33189.28125,32814.17969,32906.16016,243660000,down
2/28/2023,32656.69922,32873.46875,32636.42969,32873.46875,303760000,down
3/1/2023,32661.83984,32746.15039,32500.71094,32656.36914,292810000,down
3/2/2023,33003.57031,33083.44922,32665.84961,32780.96875,317450000,up
3/3/2023,33390.96875,33405.82031,33008.41016,33076.32813,300050000,up
3/6/2023,33431.44141,33572.21875,33383.46875,33425.32031,329190000,up
3/7/2023,32856.46094,33453.25,32838.21094,33428.30859,299400000,up
3/8/2023,32798.39844,32903.44141,32612.69922,32872.07813,242750000,down
3/9/2023,32254.85938,32990.46094,32190.59961,32876.82813,315860000,up
3/10/2023,31909.64063,32422.09961,31783.41016,32185.14063,397790000,down
3/13/2023,31819.14063,32240.34961,31624.86914,31819.92969,429090000,down
3/14/2023,32155.40039,32306.58984,31805.40039,32055.28906,391760000,up
3/15/2023,31874.57031,31906.4707,31429.82031,31759.86914,420910000,down
3/16/2023,32246.55078,32281.60938,31571.46094,31827.65039,440940000,up
3/17/2023,31861.98047,32217.32031,31728.69922,32217.32031,712100000,up
3/20/2023,32244.58008,32280.07031,31872.33008,31872.33008,357210000,down
3/21/2023,32560.59961,32593.67969,32346.11914,32420.71094,363190000,up
3/22/2023,32030.10938,32761.89063,32020.46094,32570.18945,325990000,up
3/23/2023,32105.25,32511.49023,31864.74023,32101.49023,335430000,down
3/24/2023,32237.5293,32257.24023,31805.17969,32038.2207,317070000,down
3/27/2023,32432.08008,32564,32276.7207,32276.7207,291560000,up
3/28/2023,32394.25,32551.00977,32295.5,32434.84961,248560000,up
3/29/2023,32717.59961,32728.03906,32539.93945,32566.53906,314110000,up
3/30/2023,32859.03125,32905.80078,32682.86914,32807.42969,283380000,up
3/31/2023,33274.14844,33291,32901.96094,32901.96094,353740000,up
4/3/2023,33601.14844,33632.89844,33245.78125,33245.78125,311890000,up
4/4/2023,33402.37891,33634.71875,33275.62109,33594.78906,283360000,up
4/5/2023,33482.71875,33543.83984,33376.26953,33394.60156,286660000,down
4/6/2023,33485.28906,33525.96094,33325.37109,33420.96094,258680000,up
4/10/2023,33586.51953,33590.23828,33343.42969,33425.25,232920000,up
4/11/2023,33684.78906,33781.28906,33586.75,33586.75,241430000,up
4/12/2023,33646.5,33895.42969,33593.32031,33764.21094,260300000,up
4/13/2023,34029.69141,34054.98828,33605.17188,33668.96875,277230000,down
4/14/2023,33886.46875,34082.94141,33730.85156,33981.71094,276720000,up
4/17/2023,33987.17969,33991.23047,33796.91016,33930.46094,234530000,down
4/18/2023,33976.62891,34018.62109,33791.89063,33965.16016,253570000,up
4/19/2023,33897.01172,33957.98047,33814.64844,33889.82813,251490000,down
4/20/2023,33786.62109,33875.39063,33677.73828,33740.60156,307910000,down
4/21/2023,33808.96094,33858.82813,33688.57031,33793.60156,291080000,up
4/24/2023,33875.39844,33891.14844,33726.08984,33805.03906,252020000,up
4/25/2023,33530.82813,33875.48828,33525.39063,33828.33984,297880000,up
4/26/2023,33301.87109,33645.82813,33235.85156,33596.33984,321170000,down
4/27/2023,33826.16016,33859.75,33374.64844,33381.66016,343240000,down
4/28/2023,34098.16016,34104.55859,33728.39844,33797.42969,354310000,up
5/1/2023,34051.69922,34257.82813,34030.14063,34116.80859,244190000,up
5/2/2023,33684.53125,34017.75,33436.66016,34017.62109,274460000,down
5/3/2023,33414.23828,33811.83984,33396.05078,33726.64063,286900000,down
5/4/2023,33127.73828,33354.85938,32937.5,33347.78125,305160000,down
5/5/2023,33674.37891,33748.42969,33248.55078,33248.55078,316350000,down
5/8/2023,33618.69141,33747.48828,33509.23047,33715.14844,225680000,up
5/9/2023,33561.80859,33656.39844,33509.71875,33589.85156,232940000,down
5/10/2023,33531.32813,33772.08984,33239.44922,33707.19922,271180000,up
5/11/2023,33309.51172,33389.87891,33127.69922,33383.89063,298000000,down
5/12/2023,33300.62109,33406.39844,33110.60938,33370.57813,227570000,down
5/15/2023,33348.60156,33400.30078,33161.92969,33321.21094,224020000,down
5/16/2023,33012.14063,33290.85156,33006.19141,33275.37109,246680000,down
5/17/2023,33420.76953,33472.37891,33050.41016,33092.48047,307130000,down
5/18/2023,33535.91016,33579.91016,33212.08984,33374.55859,333070000,up
5/19/2023,33426.62891,33652.89844,33336.66016,33582.94922,315210000,up
5/22/2023,33286.57813,33512.30078,33207.85156,33408.53906,268900000,down
5/23/2023,33055.51172,33310.17188,33013.28906,33190.60156,291550000,down
5/24/2023,32799.92188,33031.75,32752.43945,33021.76172,246180000,down
5/25/2023,32764.65039,32870.42969,32586.56055,32854.26172,364670000,down
5/26/2023,33093.33984,33162.05859,32795.5,32795.5,330290000,down
5/30/2023,33042.78125,33132.69922,32893.96875,33103.64844,322700000,up
5/31/2023,32908.26953,32984.82813,32739.73047,32948.71094,689990000,down
6/1/2023,33061.57031,33167.75,32704.50977,32929.85156,349460000,down
6/2/2023,33762.76172,33805,33187.57813,33187.57813,383590000,up
6/5/2023,33562.85938,33804.21875,33552.78906,33771.12891,367170000,up
6/6/2023,33573.28125,33631.25,33399.69141,33547.67188,294070000,down
6/7/2023,33665.01953,33708.78125,33546.10938,33562.46875,347400000,up
6/8/2023,33833.60938,33873.80859,33630.03906,33656.98047,269160000,up
6/9/2023,33876.78125,33975.32031,33787.16016,33852.44141,262310000,up
6/12/2023,34066.32813,34077.83984,33878.46094,33906.80078,308130000,up
6/13/2023,34212.12109,34310.28125,34107.98047,34111.07813,308790000,up
6/14/2023,33979.32813,34151.42188,33783.55078,34044.69922,354910000,down
6/15/2023,34408.05859,34488.98047,33945.98047,33945.98047,361400000,down
6/16/2023,34299.12109,34588.67969,34285.69141,34464.01953,595230000,up
6/20/2023,34053.87109,34206.66016,33915.92969,34206.66016,334810000,down
6/21/2023,33951.51953,34097.92969,33876.17188,33990.55859,323690000,down
6/22/2023,33946.71094,34003.55859,33835.39063,33900.46875,275600000,down
6/23/2023,33727.42969,33835.66016,33646.48828,33835.66016,379800000,down
6/26/2023,33714.71094,33819.48828,33610.32031,33730.78906,265330000,down
6/27/2023,33926.73828,33975.64844,33730.39063,33739.03125,293210000,up
6/28/2023,33852.66016,33903.76172,33755.92188,33881.37891,268050000,up
6/29/2023,34122.42188,34147.67969,33828.62891,33854.57031,279940000,down
6/30/2023,34407.60156,34467.35156,34269.92188,34269.92188,351060000,up
7/3/2023,34418.46875,34465.60156,34286.53906,34369.78125,157590000,up
7/5/2023,34288.64063,34376.10938,34226.98047,34344.71875,274570000,down
7/6/2023,33922.26172,34171.39063,33771.46875,34171.39063,293840000,down
7/7/2023,33734.87891,34036.37891,33716.75,33837.07031,272730000,down
7/10/2023,33944.39844,33958.35938,33705.67969,33705.67969,299200000,down
7/11/2023,34261.42188,34288.87109,33993.01172,34056.94141,278940000,up
7/12/2023,34347.42969,34586.94141,34308.78125,34395.28125,331410000,up
7/13/2023,34395.14063,34482.26172,34365.32813,34412.30859,267180000,up
7/14/2023,34509.03125,34592.26172,34425.32813,34425.32813,293540000,up
7/17/2023,34585.35156,34665.14844,34418.71875,34499.73828,359780000,up
7/18/2023,34951.92969,34986.35938,34530.60938,34597.07813,385940000,up
7/19/2023,35061.21094,35234.05078,34991.21094,34991.21094,365130000,up
7/20/2023,35225.17969,35372.76953,35091.98047,35091.98047,340880000,up
7/21/2023,35227.69141,35340.66016,35186.05078,35274.32031,465270000,up
7/24/2023,35411.23828,35463.96875,35230.78906,35230.78906,284460000,down
7/25/2023,35438.07031,35527.57031,35365.26172,35421.48828,299530000,up
7/26/2023,35520.12109,35633.60938,35306.26953,35345.98828,346240000,down
7/27/2023,35282.71875,35645.35156,35216.57813,35558.78906,352230000,up
7/28/2023,35459.28906,35565.51172,35355.14844,35443.48828,369000000,down
7/31/2023,35559.53125,35566.94922,35430.21875,35465.96875,327410000,up
8/1/2023,35630.67969,35679.12891,35526.60938,35585.98828,259490000,up
8/2/2023,35282.51953,35551.92188,35226.26172,35551.92188,298570000,down
8/3/2023,35215.89063,35348.19922,35122.32031,35194.55859,254960000,down
8/4/2023,35065.62109,35506.87891,35033.76172,35230.12891,338290000,up
8/7/2023,35473.12891,35497.37891,35125.60156,35125.60156,300150000,down
8/8/2023,35314.48828,35346.64063,35007.41016,35345.39844,303840000,up
8/9/2023,35123.35938,35370.89063,35058.73047,35324.28125,306680000,down
8/10/2023,35176.14844,35578.57813,35107.60156,35231.53906,337110000,down
8/11/2023,35281.39844,35354.60156,35059.98828,35111.35938,277840000,down
8/14/2023,35307.62891,35335.44922,35169.96875,35273.89063,300250000,up
8/15/2023,34946.39063,35219.37109,34908.5,35219.37109,323920000,down
8/16/2023,34765.73828,35133.55859,34757.37109,34914.96094,332310000,down
8/17/2023,34474.82813,34888.48047,34440.73047,34829.60938,392850000,down
8/18/2023,34500.66016,34587.07031,34263.19141,34368.35938,320680000,down
8/21/2023,34463.69141,34570.96094,34248.46094,34531.28125,396490000,up
8/22/2023,34288.82813,34514.03906,34256.83984,34494.17188,279200000,down
8/23/2023,34472.98047,34534.71875,34321,34338.58984,360610000,down
8/24/2023,34099.42188,34694.67969,34093.64844,34439.82813,342520000,up
8/25/2023,34346.89844,34441.91016,34029.21875,34217.05859,257440000,down
8/28/2023,34559.98047,34652.91016,34441.64063,34441.64063,224640000,up
8/29/2023,34852.67188,34864.42188,34531.12109,34531.12109,262550000,up
8/30/2023,34890.23828,35025.57031,34811.73828,34847.80078,236070000,up
8/31/2023,34721.91016,35070.21094,34719.76953,34909.08984,341900000,up
9/1/2023,34837.71094,34979.17969,34720.69922,34876.23828,286370000,down
9/5/2023,34641.96875,34871.26172,34635.62891,34843.21875,283540000,down
9/6/2023,34443.19141,34611.67969,34291.55859,34611.67969,308900000,down
9/7/2023,34500.73047,34560.85938,34351.17969,34351.17969,386980000,down
9/8/2023,34576.58984,34627.85156,34473.57031,34487.41016,293990000,up
9/11/2023,34663.71875,34784.51953,34578.58984,34650.01172,291720000,up
9/12/2023,34645.98828,34852.60938,34560.55078,34620.01953,318670000,down
9/13/2023,34575.53125,34767.10938,34509.94922,34667.28125,295480000,up
9/14/2023,34907.10938,34977.96875,34687.5,34687.5,305180000,up
9/15/2023,34618.23828,34902.03906,34572.26953,34902.03906,582160000,up
9/18/2023,34624.30078,34725.05859,34545.35156,34612.28906,252700000,down
9/19/2023,34517.73047,34597.55859,34311.69141,34571.83984,282830000,down
9/20/2023,34440.87891,34776.28125,34434.28906,34575.5,291650000,up
9/21/2023,34070.42188,34378.30078,34058.71875,34332.23047,331930000,down
9/22/2023,33963.83984,34156.14844,33947.23828,34077.07813,268760000,down
9/25/2023,34006.87891,34017.53125,33780.67188,33907.58984,229450000,down
9/26/2023,33618.87891,33879.92969,33569.60156,33862.67969,280100000,down
9/27/2023,33550.26953,33731.64844,33306.30078,33682.80859,300330000,down
9/28/2023,33666.33984,33777.89844,33473.5,33519.44141,275610000,down
9/29/2023,33507.5,33893.67969,33407.44922,33882.60938,319830000,up
10/2/2023,33433.35156,33511.91016,33219.55859,33455.5,275630000,down
10/3/2023,33002.37891,33398.53906,32916.19922,33318.83984,293450000,down
10/4/2023,33129.55078,33156.44922,32873.23047,33034.17969,287030000,down
10/5/2023,33119.57031,33174.37891,32941.55859,33099.23047,277250000,up
10/6/2023,33407.57813,33557.69141,32846.94141,33040.69922,332990000,down
10/9/2023,33604.64844,33631.80859,33253.69141,33259.83984,228760000,up
10/10/2023,33739.30078,33898.21875,33604.32031,33683.41016,255640000,up
10/11/2023,33804.87109,33882.55078,33612.25,33822.19922,256560000,up
10/12/2023,33631.14063,33863.80078,33455.60156,33845.64844,289160000,up
10/13/2023,33670.28906,33957.71875,33551.57813,33733.33984,306340000,down
10/16/2023,33984.53906,34088.98047,33832.42188,33832.42188,270060000,up
10/17/2023,33997.64844,34147.62891,33854.69922,33869.83984,281010000,up
10/18/2023,33665.07813,33991.51172,33598.64063,33960.25,285410000,up
10/19/2023,33414.17188,33852.39063,33368.57813,33669.51953,304320000,down
10/20/2023,33127.28125,33425.76953,33118.12109,33365.26953,325530000,down
10/23/2023,32936.41016,33234.85156,32892.19141,32993.01953,342500000,down
10/24/2023,33141.37891,33272.19141,32988.42969,33089.64063,359230000,up
10/25/2023,33035.92969,33267.91016,32989.71875,33203.53125,355690000,up
10/26/2023,32784.30078,33105.03125,32743.99023,33017.17188,379880000,down
10/27/2023,32417.58984,32787.55859,32327.19922,32782.39844,376970000,down
10/30/2023,32928.96094,33002.96875,32537.53906,32537.53906,298640000,down
10/31/2023,33052.87109,33070.28125,32787.12109,33029.10938,306950000,up
11/1/2023,33274.57813,33337.14844,33010.85156,33081.87109,307570000,up
11/2/2023,33839.07813,33852.96094,33450.03125,33457.82031,304350000,up
11/3/2023,34061.32031,34163.62891,33946.60156,33988.82813,311000000,up
11/6/2023,34095.85938,34167.26172,33989.71875,34092.60938,265570000,up
11/7/2023,34152.60156,34206.98047,34026.71875,34075.64844,281790000,down
11/8/2023,34112.26953,34252.75,33996.19922,34185.92188,280330000,up
11/9/2023,33891.94141,34167.53906,33859.76953,34163.71094,325400000,down
11/10/2023,34283.10156,34310.35938,33905.62109,34020.82031,302460000,down
11/13/2023,34337.87109,34405.83984,34205.80859,34259.25,245090000,up
11/14/2023,34827.69922,34931.01172,34581.19922,34581.19922,328050000,up
11/15/2023,34991.21094,35051.10156,34868.48047,34906.71875,347790000,up
11/16/2023,34945.46875,35022.46094,34818.03125,34868.03125,435540000,down
11/17/2023,34947.28125,35028.21875,34882.82031,34964.82031,334820000,up
11/20/2023,35151.03906,35227.48047,34907.98047,34932.48828,331050000,down
11/21/2023,35088.28906,35118.03906,35038.44141,35104.83984,271120000,up
11/22/2023,35273.03125,35315.19922,35155.80078,35189.32813,237290000,up
11/24/2023,35390.14844,35399.44141,35299.89844,35299.89844,117040000,up
11/27/2023,35333.46875,35410.37109,35280.57031,35376.44141,258340000,up
11/28/2023,35416.98047,35518.67188,35307.73047,35332.12891,256210000,down
11/29/2023,35430.42188,35579.12891,35405.89063,35436.80078,299330000,up
11/30/2023,35950.89063,35970.69922,35592.21875,35596.57031,435540000,up
12/1/2023,36245.5,36264.85156,35914.44922,35914.44922,321840000,up
12/4/2023,36204.44141,36238.17969,36029.69141,36089.37891,329450000,up
12/5/2023,36124.55859,36164.67969,36010.85156,36135.64844,309250000,up
12/6/2023,36054.42969,36292.57813,36024.25,36183.73047,283240000,up
12/7/2023,36117.37891,36164.17188,36021.94922,36124.17188,287280000,down
12/8/2023,36247.87109,36296.19922,36061.64063,36084.82031,295180000,down
12/11/2023,36404.92969,36416.17969,36231.19141,36254.32813,342490000,up
12/12/2023,36577.94141,36596.10938,36373.21875,36442.10156,292770000,up
12/13/2023,37090.23828,37094.85156,36523.58984,36601.80078,354790000,up
12/14/2023,37248.35156,37287.5,37051.51953,37115.62891,455820000,up
12/15/2023,37305.16016,37347.60156,37092.01953,37194.5,788160000,up
12/18/2023,37306.01953,37393.44922,37284.85156,37330.14063,292120000,up
12/19/2023,37557.92188,37562.82813,37311.82031,37311.82031,272740000,down
12/20/2023,37082,37641.30078,37073.03906,37520.12891,303450000,up
12/21/2023,37404.35156,37418.76172,37127.05078,37225.32031,253120000,down
12/22/2023,37385.96875,37534.51953,37268.87891,37349.26953,252970000,up
12/26/2023,37545.32813,37617.98828,37371.82813,37405.89844,212420000,up
12/27/2023,37656.51953,37683.69922,37488.60156,37518.62109,245530000,up
12/28/2023,37710.10156,37778.85156,37650.98047,37661.51953,199550000,up
12/29/2023,37689.53906,37759.42969,37538.80078,37701.62891,234570000,up
